-- MySQL Script generated by MySQL Workbench
-- Sun Jan 16 20:47:28 2022
-- Model: New Model    Version: 1.0
-- MySQL Workbench Forward Engineering

SET @OLD_UNIQUE_CHECKS=@@UNIQUE_CHECKS, UNIQUE_CHECKS=0;
SET @OLD_FOREIGN_KEY_CHECKS=@@FOREIGN_KEY_CHECKS, FOREIGN_KEY_CHECKS=0;
SET @OLD_SQL_MODE=@@SQL_MODE, SQL_MODE='ONLY_FULL_GROUP_BY,STRICT_TRANS_TABLES,NO_ZERO_IN_DATE,NO_ZERO_DATE,ERROR_FOR_DIVISION_BY_ZERO,NO_ENGINE_SUBSTITUTION';

-- -----------------------------------------------------
-- Schema myBD
-- -----------------------------------------------------

-- -----------------------------------------------------
-- Schema myBD
-- -----------------------------------------------------
CREATE SCHEMA IF NOT EXISTS `myBD` DEFAULT CHARACTER SET utf8 ;
USE `myBD` ;

-- -----------------------------------------------------
-- Table `myBD`.`Genre`
-- -----------------------------------------------------
CREATE TABLE IF NOT EXISTS `myBD`.`Genre` (
  `genreId` INT NOT NULL AUTO_INCREMENT,
  `tittle` VARCHAR(45) NOT NULL,
  PRIMARY KEY (`genreId`))
ENGINE = InnoDB;


-- -----------------------------------------------------
-- Table `myBD`.`Actor`
-- -----------------------------------------------------
CREATE TABLE IF NOT EXISTS `myBD`.`Actor` (
  `actorId` INT NOT NULL AUTO_INCREMENT,
  `name` VARCHAR(45) NOT NULL,
  `year` VARCHAR(45) NOT NULL,
  PRIMARY KEY (`actorId`))
ENGINE = InnoDB;


-- -----------------------------------------------------
-- Table `myBD`.`Film`
-- -----------------------------------------------------
CREATE TABLE IF NOT EXISTS `myBD`.`Film` (
  `filmId` INT NOT NULL AUTO_INCREMENT,
  `tittle` VARCHAR(45) NOT NULL,
  `date` DATE NOT NULL,
  PRIMARY KEY (`filmId`))
ENGINE = InnoDB;


-- -----------------------------------------------------
-- Table `myBD`.`Director`
-- -----------------------------------------------------
CREATE TABLE IF NOT EXISTS `myBD`.`Director` (
  `directorId` INT NOT NULL AUTO_INCREMENT,
  `name` VARCHAR(45) NOT NULL,
  `year` VARCHAR(45) NOT NULL,
  PRIMARY KEY (`directorId`))
ENGINE = InnoDB;


-- -----------------------------------------------------
-- Table `myBD`.`filmGenre`
-- -----------------------------------------------------
CREATE TABLE IF NOT EXISTS `myBD`.`filmGenre` (
  `genreId` INT NOT NULL,
  `filmId` INT NOT NULL,
  INDEX `fk_table1_Genre_idx` (`genreId` ASC) VISIBLE,
  INDEX `fk_table1_Film1_idx` (`filmId` ASC) VISIBLE,
  PRIMARY KEY (`genreId`, `filmId`),
  CONSTRAINT `fk_table1_Genre`
    FOREIGN KEY (`genreId`)
    REFERENCES `myBD`.`Genre` (`genreId`)
    ON DELETE CASCADE
    ON UPDATE NO ACTION,
  CONSTRAINT `fk_table1_Film1`
    FOREIGN KEY (`filmId`)
    REFERENCES `myBD`.`Film` (`filmId`)
    ON DELETE CASCADE
    ON UPDATE NO ACTION)
ENGINE = InnoDB;


-- -----------------------------------------------------
-- Table `myBD`.`filmDirector`
-- -----------------------------------------------------
CREATE TABLE IF NOT EXISTS `myBD`.`filmDirector` (
  `filmId` INT NOT NULL,
  `directorId` INT NOT NULL,
  INDEX `fk_filmDirector_Film1_idx` (`filmId` ASC) VISIBLE,
  INDEX `fk_filmDirector_Director1_idx` (`directorId` ASC) VISIBLE,
  PRIMARY KEY (`filmId`, `directorId`),
  CONSTRAINT `fk_filmDirector_Film1`
    FOREIGN KEY (`filmId`)
    REFERENCES `myBD`.`Film` (`filmId`)
    ON DELETE CASCADE
    ON UPDATE NO ACTION,
  CONSTRAINT `fk_filmDirector_Director1`
    FOREIGN KEY (`directorId`)
    REFERENCES `myBD`.`Director` (`directorId`)
    ON DELETE CASCADE
    ON UPDATE NO ACTION)
ENGINE = InnoDB;


-- -----------------------------------------------------
-- Table `myBD`.`filmActor`
-- -----------------------------------------------------
CREATE TABLE IF NOT EXISTS `myBD`.`filmActor` (
  `filmId` INT NOT NULL,
  `actorId` INT NOT NULL,
  INDEX `fk_filmActor_Film1_idx` (`filmId` ASC) VISIBLE,
  INDEX `fk_filmActor_Actor1_idx` (`actorId` ASC) VISIBLE,
  PRIMARY KEY (`actorId`, `filmId`),
  CONSTRAINT `fk_filmActor_Film1`
    FOREIGN KEY (`filmId`)
    REFERENCES `myBD`.`Film` (`filmId`)
    ON DELETE CASCADE
    ON UPDATE NO ACTION,
  CONSTRAINT `fk_filmActor_Actor1`
    FOREIGN KEY (`actorId`)
    REFERENCES `myBD`.`Actor` (`actorId`)
    ON DELETE CASCADE
    ON UPDATE NO ACTION)
ENGINE = InnoDB;


SET SQL_MODE=@OLD_SQL_MODE;
SET FOREIGN_KEY_CHECKS=@OLD_FOREIGN_KEY_CHECKS;
SET UNIQUE_CHECKS=@OLD_UNIQUE_CHECKS;

-- -----------------------------------------------------
-- Data for table `myBD`.`Genre`
-- -----------------------------------------------------
START TRANSACTION;
USE `myBD`;
INSERT INTO `myBD`.`Genre` (`genreId`, `tittle`) VALUES (1, 'genre1');
INSERT INTO `myBD`.`Genre` (`genreId`, `tittle`) VALUES (2, 'genre2');
INSERT INTO `myBD`.`Genre` (`genreId`, `tittle`) VALUES (3, 'genre3');
INSERT INTO `myBD`.`Genre` (`genreId`, `tittle`) VALUES (4, 'crime');
INSERT INTO `myBD`.`Genre` (`genreId`, `tittle`) VALUES (5, 'love story');
INSERT INTO `myBD`.`Genre` (`genreId`, `tittle`) VALUES (6, 'comedy');
INSERT INTO `myBD`.`Genre` (`genreId`, `tittle`) VALUES (7, 'drama');

COMMIT;


-- -----------------------------------------------------
-- Data for table `myBD`.`Actor`
-- -----------------------------------------------------
START TRANSACTION;
USE `myBD`;
INSERT INTO `myBD`.`Actor` (`actorId`, `name`, `year`) VALUES (1, 'actor1', '20');
INSERT INTO `myBD`.`Actor` (`actorId`, `name`, `year`) VALUES (2, 'actor2', '23');
INSERT INTO `myBD`.`Actor` (`actorId`, `name`, `year`) VALUES (3, 'actor3', '25');
INSERT INTO `myBD`.`Actor` (`actorId`, `name`, `year`) VALUES (4, 'actor4', '11');
INSERT INTO `myBD`.`Actor` (`actorId`, `name`, `year`) VALUES (5, 'actor5', '24');

COMMIT;


-- -----------------------------------------------------
-- Data for table `myBD`.`Film`
-- -----------------------------------------------------
START TRANSACTION;
USE `myBD`;
INSERT INTO `myBD`.`Film` (`filmId`, `tittle`, `date`) VALUES (1, 'film1', '2009-03-28');
INSERT INTO `myBD`.`Film` (`filmId`, `tittle`, `date`) VALUES (2, 'film2', '2009-03-28');
INSERT INTO `myBD`.`Film` (`filmId`, `tittle`, `date`) VALUES (3, 'film3', '2009-03-28');
INSERT INTO `myBD`.`Film` (`filmId`, `tittle`, `date`) VALUES (4, 'film4', '2009-03-28');
INSERT INTO `myBD`.`Film` (`filmId`, `tittle`, `date`) VALUES (5, 'film5', '2009-03-28');
INSERT INTO `myBD`.`Film` (`filmId`, `tittle`, `date`) VALUES (6, 'film6', '2009-03-28');

COMMIT;


-- -----------------------------------------------------
-- Data for table `myBD`.`Director`
-- -----------------------------------------------------
START TRANSACTION;
USE `myBD`;
INSERT INTO `myBD`.`Director` (`directorId`, `name`, `year`) VALUES (1, 'director1', '20');
INSERT INTO `myBD`.`Director` (`directorId`, `name`, `year`) VALUES (2, 'director2', '35');
INSERT INTO `myBD`.`Director` (`directorId`, `name`, `year`) VALUES (3, 'director3', '30');
INSERT INTO `myBD`.`Director` (`directorId`, `name`, `year`) VALUES (4, 'director4', '58');
INSERT INTO `myBD`.`Director` (`directorId`, `name`, `year`) VALUES (5, 'director5', '70');

COMMIT;


-- -----------------------------------------------------
-- Data for table `myBD`.`filmGenre`
-- -----------------------------------------------------
START TRANSACTION;
USE `myBD`;
INSERT INTO `myBD`.`filmGenre` (`genreId`, `filmId`) VALUES (1, 1);
INSERT INTO `myBD`.`filmGenre` (`genreId`, `filmId`) VALUES (2, 1);
INSERT INTO `myBD`.`filmGenre` (`genreId`, `filmId`) VALUES (3, 1);
INSERT INTO `myBD`.`filmGenre` (`genreId`, `filmId`) VALUES (3, 2);
INSERT INTO `myBD`.`filmGenre` (`genreId`, `filmId`) VALUES (4, 3);
INSERT INTO `myBD`.`filmGenre` (`genreId`, `filmId`) VALUES (4, 4);
INSERT INTO `myBD`.`filmGenre` (`genreId`, `filmId`) VALUES (5, 5);
INSERT INTO `myBD`.`filmGenre` (`genreId`, `filmId`) VALUES (6, 6);
INSERT INTO `myBD`.`filmGenre` (`genreId`, `filmId`) VALUES (7, 6);

COMMIT;


-- -----------------------------------------------------
-- Data for table `myBD`.`filmDirector`
-- -----------------------------------------------------
START TRANSACTION;
USE `myBD`;
INSERT INTO `myBD`.`filmDirector` (`filmId`, `directorId`) VALUES (1, 1);
INSERT INTO `myBD`.`filmDirector` (`filmId`, `directorId`) VALUES (1, 2);
INSERT INTO `myBD`.`filmDirector` (`filmId`, `directorId`) VALUES (2, 3);
INSERT INTO `myBD`.`filmDirector` (`filmId`, `directorId`) VALUES (3, 4);
INSERT INTO `myBD`.`filmDirector` (`filmId`, `directorId`) VALUES (4, 5);
INSERT INTO `myBD`.`filmDirector` (`filmId`, `directorId`) VALUES (5, 5);
INSERT INTO `myBD`.`filmDirector` (`filmId`, `directorId`) VALUES (6, 5);

COMMIT;


-- -----------------------------------------------------
-- Data for table `myBD`.`filmActor`
-- -----------------------------------------------------
START TRANSACTION;
USE `myBD`;
INSERT INTO `myBD`.`filmActor` (`filmId`, `actorId`) VALUES (1, 1);
INSERT INTO `myBD`.`filmActor` (`filmId`, `actorId`) VALUES (1, 2);
INSERT INTO `myBD`.`filmActor` (`filmId`, `actorId`) VALUES (2, 3);
INSERT INTO `myBD`.`filmActor` (`filmId`, `actorId`) VALUES (2, 4);
INSERT INTO `myBD`.`filmActor` (`filmId`, `actorId`) VALUES (3, 5);
INSERT INTO `myBD`.`filmActor` (`filmId`, `actorId`) VALUES (4, 5);
INSERT INTO `myBD`.`filmActor` (`filmId`, `actorId`) VALUES (5, 5);

COMMIT;

