-- MySQL Script generated by MySQL Workbench
-- Mon Jan 17 23:00:49 2022
-- Model: New Model    Version: 1.0
-- MySQL Workbench Forward Engineering

SET @OLD_UNIQUE_CHECKS=@@UNIQUE_CHECKS, UNIQUE_CHECKS=0;
SET @OLD_FOREIGN_KEY_CHECKS=@@FOREIGN_KEY_CHECKS, FOREIGN_KEY_CHECKS=0;
SET @OLD_SQL_MODE=@@SQL_MODE, SQL_MODE='ONLY_FULL_GROUP_BY,STRICT_TRANS_TABLES,NO_ZERO_IN_DATE,NO_ZERO_DATE,ERROR_FOR_DIVISION_BY_ZERO,NO_ENGINE_SUBSTITUTION';

-- -----------------------------------------------------
-- Schema data_base
-- -----------------------------------------------------

-- -----------------------------------------------------
-- Schema data_base
-- -----------------------------------------------------
CREATE SCHEMA IF NOT EXISTS `data_base` DEFAULT CHARACTER SET utf8 ;
USE `data_base` ;

-- -----------------------------------------------------
-- Table `data_base`.`genre`
-- -----------------------------------------------------
CREATE TABLE IF NOT EXISTS `data_base`.`genre` (
  `genre_id` INT NOT NULL AUTO_INCREMENT,
  `tittle` VARCHAR(45) NOT NULL,
  PRIMARY KEY (`genre_id`))
ENGINE = InnoDB;


-- -----------------------------------------------------
-- Table `data_base`.`actor`
-- -----------------------------------------------------
CREATE TABLE IF NOT EXISTS `data_base`.`actor` (
  `actor_id` INT NOT NULL AUTO_INCREMENT,
  `name` VARCHAR(45) NOT NULL,
  `year` VARCHAR(45) NOT NULL,
  PRIMARY KEY (`actor_id`))
ENGINE = InnoDB;


-- -----------------------------------------------------
-- Table `data_base`.`film`
-- -----------------------------------------------------
CREATE TABLE IF NOT EXISTS `data_base`.`film` (
  `film_id` INT NOT NULL AUTO_INCREMENT,
  `tittle` VARCHAR(45) NOT NULL,
  `date` DATE NOT NULL,
  PRIMARY KEY (`film_id`))
ENGINE = InnoDB;


-- -----------------------------------------------------
-- Table `data_base`.`director`
-- -----------------------------------------------------
CREATE TABLE IF NOT EXISTS `data_base`.`director` (
  `director_id` INT NOT NULL AUTO_INCREMENT,
  `name` VARCHAR(45) NOT NULL,
  `year` VARCHAR(45) NOT NULL,
  PRIMARY KEY (`director_id`))
ENGINE = InnoDB;


-- -----------------------------------------------------
-- Table `data_base`.`film_genre`
-- -----------------------------------------------------
CREATE TABLE IF NOT EXISTS `data_base`.`film_genre` (
  `genre_id` INT NOT NULL,
  `film_id` INT NOT NULL,
  INDEX `fk_table1_Genre_idx` (`genre_id` ASC) VISIBLE,
  INDEX `fk_table1_Film1_idx` (`film_id` ASC) VISIBLE,
  PRIMARY KEY (`genre_id`, `film_id`),
  CONSTRAINT `fk_table1_Genre`
    FOREIGN KEY (`genre_id`)
    REFERENCES `data_base`.`genre` (`genre_id`)
    ON DELETE NO ACTION
    ON UPDATE NO ACTION,
  CONSTRAINT `fk_table1_Film1`
    FOREIGN KEY (`film_id`)
    REFERENCES `data_base`.`film` (`film_id`)
    ON DELETE NO ACTION
    ON UPDATE NO ACTION)
ENGINE = InnoDB;


-- -----------------------------------------------------
-- Table `data_base`.`film_director`
-- -----------------------------------------------------
CREATE TABLE IF NOT EXISTS `data_base`.`film_director` (
  `film_id` INT NOT NULL,
  `director_id` INT NOT NULL,
  INDEX `fk_filmDirector_Film1_idx` (`film_id` ASC) VISIBLE,
  INDEX `fk_filmDirector_Director1_idx` (`director_id` ASC) VISIBLE,
  PRIMARY KEY (`film_id`, `director_id`),
  CONSTRAINT `fk_filmDirector_Film1`
    FOREIGN KEY (`film_id`)
    REFERENCES `data_base`.`film` (`film_id`)
    ON DELETE NO ACTION
    ON UPDATE NO ACTION,
  CONSTRAINT `fk_filmDirector_Director1`
    FOREIGN KEY (`director_id`)
    REFERENCES `data_base`.`director` (`director_id`)
    ON DELETE NO ACTION
    ON UPDATE NO ACTION)
ENGINE = InnoDB;


-- -----------------------------------------------------
-- Table `data_base`.`film_actor`
-- -----------------------------------------------------
CREATE TABLE IF NOT EXISTS `data_base`.`film_actor` (
  `film_id` INT NOT NULL,
  `actor_id` INT NOT NULL,
  INDEX `fk_filmActor_Film1_idx` (`film_id` ASC) VISIBLE,
  INDEX `fk_filmActor_Actor1_idx` (`actor_id` ASC) VISIBLE,
  PRIMARY KEY (`actor_id`, `film_id`),
  CONSTRAINT `fk_filmActor_Film1`
    FOREIGN KEY (`film_id`)
    REFERENCES `data_base`.`film` (`film_id`)
    ON DELETE NO ACTION
    ON UPDATE NO ACTION,
  CONSTRAINT `fk_filmActor_Actor1`
    FOREIGN KEY (`actor_id`)
    REFERENCES `data_base`.`actor` (`actor_id`)
    ON DELETE NO ACTION
    ON UPDATE NO ACTION)
ENGINE = InnoDB;


-- -----------------------------------------------------
-- Table `data_base`.`user`
-- -----------------------------------------------------
CREATE TABLE IF NOT EXISTS `data_base`.`user` (
  `user_id` INT NOT NULL AUTO_INCREMENT,
  `name` VARCHAR(45) NOT NULL,
  `is_admin` TINYINT NULL,
  `password` VARCHAR(65) NOT NULL,
  PRIMARY KEY (`user_id`))
ENGINE = InnoDB;


SET SQL_MODE=@OLD_SQL_MODE;
SET FOREIGN_KEY_CHECKS=@OLD_FOREIGN_KEY_CHECKS;
SET UNIQUE_CHECKS=@OLD_UNIQUE_CHECKS;

-- -----------------------------------------------------
-- Data for table `data_base`.`genre`
-- -----------------------------------------------------
START TRANSACTION;
USE `data_base`;
INSERT INTO `data_base`.`genre` (`genre_id`, `tittle`) VALUES (1, 'genre1');
INSERT INTO `data_base`.`genre` (`genre_id`, `tittle`) VALUES (2, 'genre2');
INSERT INTO `data_base`.`genre` (`genre_id`, `tittle`) VALUES (3, 'genre3');
INSERT INTO `data_base`.`genre` (`genre_id`, `tittle`) VALUES (4, 'crime');
INSERT INTO `data_base`.`genre` (`genre_id`, `tittle`) VALUES (5, 'love story');
INSERT INTO `data_base`.`genre` (`genre_id`, `tittle`) VALUES (6, 'comedy');
INSERT INTO `data_base`.`genre` (`genre_id`, `tittle`) VALUES (7, 'drama');

COMMIT;


-- -----------------------------------------------------
-- Data for table `data_base`.`actor`
-- -----------------------------------------------------
START TRANSACTION;
USE `data_base`;
INSERT INTO `data_base`.`actor` (`actor_id`, `name`, `year`) VALUES (1, 'actor1', '20');
INSERT INTO `data_base`.`actor` (`actor_id`, `name`, `year`) VALUES (2, 'actor2', '23');
INSERT INTO `data_base`.`actor` (`actor_id`, `name`, `year`) VALUES (3, 'actor3', '25');
INSERT INTO `data_base`.`actor` (`actor_id`, `name`, `year`) VALUES (4, 'actor4', '11');
INSERT INTO `data_base`.`actor` (`actor_id`, `name`, `year`) VALUES (5, 'actor5', '24');

COMMIT;


-- -----------------------------------------------------
-- Data for table `data_base`.`film`
-- -----------------------------------------------------
START TRANSACTION;
USE `data_base`;
INSERT INTO `data_base`.`film` (`film_id`, `tittle`, `date`) VALUES (1, 'film1', '2009-03-28');
INSERT INTO `data_base`.`film` (`film_id`, `tittle`, `date`) VALUES (2, 'film2', '2009-03-28');
INSERT INTO `data_base`.`film` (`film_id`, `tittle`, `date`) VALUES (3, 'film3', '2009-03-28');
INSERT INTO `data_base`.`film` (`film_id`, `tittle`, `date`) VALUES (4, 'film4', '2009-03-28');
INSERT INTO `data_base`.`film` (`film_id`, `tittle`, `date`) VALUES (5, 'film5', '2009-03-28');
INSERT INTO `data_base`.`film` (`film_id`, `tittle`, `date`) VALUES (6, 'film6', '2009-03-28');

COMMIT;


-- -----------------------------------------------------
-- Data for table `data_base`.`director`
-- -----------------------------------------------------
START TRANSACTION;
USE `data_base`;
INSERT INTO `data_base`.`director` (`director_id`, `name`, `year`) VALUES (1, 'director1', '20');
INSERT INTO `data_base`.`director` (`director_id`, `name`, `year`) VALUES (2, 'director2', '35');
INSERT INTO `data_base`.`director` (`director_id`, `name`, `year`) VALUES (3, 'director3', '30');
INSERT INTO `data_base`.`director` (`director_id`, `name`, `year`) VALUES (4, 'director4', '58');
INSERT INTO `data_base`.`director` (`director_id`, `name`, `year`) VALUES (5, 'director5', '70');

COMMIT;


-- -----------------------------------------------------
-- Data for table `data_base`.`film_genre`
-- -----------------------------------------------------
START TRANSACTION;
USE `data_base`;
INSERT INTO `data_base`.`film_genre` (`genre_id`, `film_id`) VALUES (1, 1);
INSERT INTO `data_base`.`film_genre` (`genre_id`, `film_id`) VALUES (2, 1);
INSERT INTO `data_base`.`film_genre` (`genre_id`, `film_id`) VALUES (3, 1);
INSERT INTO `data_base`.`film_genre` (`genre_id`, `film_id`) VALUES (3, 2);
INSERT INTO `data_base`.`film_genre` (`genre_id`, `film_id`) VALUES (4, 3);
INSERT INTO `data_base`.`film_genre` (`genre_id`, `film_id`) VALUES (4, 4);
INSERT INTO `data_base`.`film_genre` (`genre_id`, `film_id`) VALUES (5, 5);
INSERT INTO `data_base`.`film_genre` (`genre_id`, `film_id`) VALUES (6, 6);
INSERT INTO `data_base`.`film_genre` (`genre_id`, `film_id`) VALUES (7, 6);

COMMIT;


-- -----------------------------------------------------
-- Data for table `data_base`.`film_director`
-- -----------------------------------------------------
START TRANSACTION;
USE `data_base`;
INSERT INTO `data_base`.`film_director` (`film_id`, `director_id`) VALUES (1, 1);
INSERT INTO `data_base`.`film_director` (`film_id`, `director_id`) VALUES (1, 2);
INSERT INTO `data_base`.`film_director` (`film_id`, `director_id`) VALUES (2, 3);
INSERT INTO `data_base`.`film_director` (`film_id`, `director_id`) VALUES (3, 4);
INSERT INTO `data_base`.`film_director` (`film_id`, `director_id`) VALUES (4, 5);
INSERT INTO `data_base`.`film_director` (`film_id`, `director_id`) VALUES (5, 5);
INSERT INTO `data_base`.`film_director` (`film_id`, `director_id`) VALUES (6, 5);

COMMIT;


-- -----------------------------------------------------
-- Data for table `data_base`.`film_actor`
-- -----------------------------------------------------
START TRANSACTION;
USE `data_base`;
INSERT INTO `data_base`.`film_actor` (`film_id`, `actor_id`) VALUES (1, 1);
INSERT INTO `data_base`.`film_actor` (`film_id`, `actor_id`) VALUES (1, 2);
INSERT INTO `data_base`.`film_actor` (`film_id`, `actor_id`) VALUES (2, 3);
INSERT INTO `data_base`.`film_actor` (`film_id`, `actor_id`) VALUES (2, 4);
INSERT INTO `data_base`.`film_actor` (`film_id`, `actor_id`) VALUES (3, 5);
INSERT INTO `data_base`.`film_actor` (`film_id`, `actor_id`) VALUES (4, 5);
INSERT INTO `data_base`.`film_actor` (`film_id`, `actor_id`) VALUES (5, 5);

COMMIT;


-- -----------------------------------------------------
-- Data for table `data_base`.`user`
-- -----------------------------------------------------
START TRANSACTION;
USE `data_base`;
INSERT INTO `data_base`.`user` (`user_id`, `name`, `is_admin`, `password`) VALUES (1, 'user1', 0, '0a041b9462caa4a31bac3567e0b6e6fd9100787db2ab433d96f6d178cabfce90');
INSERT INTO `data_base`.`user` (`user_id`, `name`, `is_admin`, `password`) VALUES (2, 'admin1', 1, '25f43b1486ad95a1398e3eeb3d83bc4010015fcc9bedb35b432e00298d5021f7');

COMMIT;

